Workbook
Name Slicer_crime_type: #N/A
Name Slicer_crime_time: #N/A
Name Slicer_severity: #N/A
Name Slicer_arrest_made: #N/A
Name Slicer_crime_year: #N/A
Name ExternalData_1: Crimes!$A$1:$K$5001
Name ExternalData_1: Victims!$A$1:$G$4001
Name ExternalData_1: Locations!$A$1:$F$301
Name ExternalData_1: Police_Stations!$A$1:$E$76
Name ExternalData_1: Cases!$A$1:$G$5001

Sheet Crimes
A1: crime_id | B1: victim_id | C1: location_id | D1: station_id | E1: crime_type | F1: crime_date | G1: crime_time | H1: severity | I1: weapon_used | J1: loss_amount | K1: arrest_made | L1: crime_year | M1: crime_month | Q1: Loss Amount | S1: Solved Cases
A2: C000001 | B2: V02996 | C2: L0185 | D2: S036 | E2: Kidnapping | F2: 44941 | G2: Evening | H2: Low | I2: Stick | J2: 11486 | K2: No | L2: =YEAR(F2) -> 2023 | M2: =MONTH(F2) -> 1 | Q2: =IF(J2>250000,"High Loss","Low Loss") -> Low Loss | S2: =COUNTIFS(Cases!C:C,"Solved") -> 3240
A3: C000002 | B3: V01278 | C3: L0221 | D3: S055 | E3: Kidnapping | F3: 45712 | G3: Night | H3: High | I3: None | J3: 128275 | K3: Yes | L3: =YEAR(F3) -> 2025 | M3: =MONTH(F3) -> 2 | Q3: =IF(J3>250000,"High Loss","Low Loss") -> Low Loss
A4: C000003 | B4: V01144 | C4: L0104 | D4: S042 | E4: Assault | F4: 45033 | G4: Morning | H4: Medium | I4: Knife | J4: 175248 | K4: Yes | L4: =YEAR(F4) -> 2023 | M4: =MONTH(F4) -> 4 | Q4: =IF(J4>250000,"High Loss","Low Loss") -> Low Loss | S4: Total Fine Amount for Solved Cases
A5: C000004 | B5: V00032 | C5: L0243 | D5: S006 | E5: Assault | F5: 45321 | G5: Evening | H5: Low | I5: Knife | J5: 471235 | K5: No | L5: =YEAR(F5) -> 2024 | M5: =MONTH(F5) -> 1 | Q5: =IF(J5>250000,"High Loss","Low Loss") -> High Loss | S5: =SUMIFS(Cases!E:E,Cases!C:C,"Solved") -> 166017828
A6: C000005 | B6: V03777 | C6: L0045 | D6: S005 | E6: Assault | F6: 45030 | G6: Evening | H6: Low | I6: Stick | J6: 50314 | K6: Yes | L6: =YEAR(F6) -> 2023 | M6: =MONTH(F6) -> 4 | Q6: =IF(J6>250000,"High Loss","Low Loss") -> Low Loss
A7: C000006 | B7: V00878 | C7: L0288 | D7: S066 | E7: Assault | F7: 45686 | G7: Morning | H7: Low | I7: Stick | J7: 26975 | K7: Yes | L7: =YEAR(F7) -> 2025 | M7: =MONTH(F7) -> 1 | Q7: =IF(J7>250000,"High Loss","Low Loss") -> Low Loss | S7: Average Investigation Days for Solved Cases
A8: C000007 | B8: V00893 | C8: L0209 | D8: S046 | E8: Fraud | F8: 45461 | G8: Evening | H8: Low | I8: Knife | J8: 244251 | K8: Yes | L8: =YEAR(F8) -> 2024 | M8: =MONTH(F8) -> 6 | Q8: =IF(J8>250000,"High Loss","Low Loss") -> Low Loss | S8: =AVERAGEIFS(Cases!D:D,Cases!C:C,"Solved") -> 180.96296
A9: C000008 | B9: V02261 | C9: L0173 | D9: S023 | E9: Theft | F9: 45996 | G9: Evening | H9: Low | I9: None | J9: 423930 | K9: Yes | L9: =YEAR(F9) -> 2025 | M9: =MONTH(F9) -> 12 | Q9: =IF(J9>250000,"High Loss","Low Loss") -> High Loss
A10: C000009 | B10: V02975 | C10: L0132 | D10: S035 | E10: Burglary | F10: 45443 | G10: Night | H10: Low | I10: None | J10: 8293 | K10: Yes | L10: =YEAR(F10) -> 2024 | M10: =MONTH(F10) -> 5 | Q10: =IF(J10>250000,"High Loss","Low Loss") -> Low Loss | S10: Get Station Name using Station ID
A11: C000010 | B11: V03640 | C11: L0150 | D11: S030 | E11: Fraud | F11: 45853 | G11: Evening | H11: High | I11: Gun | J11: 260744 | K11: No | L11: =YEAR(F11) -> 2025 | M11: =MONTH(F11) -> 7 | Q11: =IF(J11>250000,"High Loss","Low Loss") -> High Loss | S11: {=INDEX(Police_Stations!B:B,MATCH("S001",Police_Stations!A:A,0))} -> Police_Station_1
A12: C000011 | B12: V00302 | C12: L0163 | D12: S052 | E12: Burglary | F12: 45635 | G12: Morning | H12: Low | I12: Gun | J12: 19056 | K12: Yes | L12: =YEAR(F12) -> 2024 | M12: =MONTH(F12) -> 12 | Q12: =IF(J12>250000,"High Loss","Low Loss") -> Low Loss
A13: C000012 | B13: V03372 | C13: L0142 | D13: S014 | E13: Theft | F13: 45333 | G13: Afternoon | H13: High | I13: None | J13: 350931 | K13: Yes | L13: =YEAR(F13) -> 2024 | M13: =MONTH(F13) -> 2 | Q13: =IF(J13>250000,"High Loss","Low Loss") -> High Loss
A14: C000013 | B14: V01260 | C14: L0289 | D14: S008 | E14: Robbery | F14: 45520 | G14: Morning | H14: Medium | I14: Gun | J14: 222625 | K14: Yes | L14: =YEAR(F14) -> 2024 | M14: =MONTH(F14) -> 8 | Q14: =IF(J14>250000,"High Loss","Low Loss") -> Low Loss | S14: =_xlfn.XLOOKUP("C000001",Crimes!A:A,Crimes!E:E) -> Kidnapping
A15: C000014 | B15: V02695 | C15: L0287 | D15: S071 | E15: Theft | F15: 45762 | G15: Afternoon | H15: Medium | I15: None | J15: 46095 | K15: Yes | L15: =YEAR(F15) -> 2025 | M15: =MONTH(F15) -> 4 | Q15: =IF(J15>250000,"High Loss","Low Loss") -> Low Loss
A16: C000015 | B16: V03237 | C16: L0198 | D16: S028 | E16: Cyber Crime | F16: 45673 | G16: Morning | H16: Low | I16: None | J16: 350842 | K16: Yes | L16: =YEAR(F16) -> 2025 | M16: =MONTH(F16) -> 1 | Q16: =IF(J16>250000,"High Loss","Low Loss") -> High Loss | S16: Crime_ID | T16: Crime_Type
A17: C000016 | B17: V03762 | C17: L0239 | D17: S012 | E17: Assault | F17: 45847 | G17: Morning | H17: Low | I17: None | J17: 291951 | K17: Yes | L17: =YEAR(F17) -> 2025 | M17: =MONTH(F17) -> 7 | Q17: =IF(J17>250000,"High Loss","Low Loss") -> High Loss | S17: C000001 | T17: =VLOOKUP(S17,A1:K5001,5,FALSE) -> Kidnapping
A18: C000017 | B18: V00127 | C18: L0191 | D18: S033 | E18: Burglary | F18: 44955 | G18: Afternoon | H18: High | I18: None | J18: 188236 | K18: Yes | L18: =YEAR(F18) -> 2023 | M18: =MONTH(F18) -> 1 | Q18: =IF(J18>250000,"High Loss","Low Loss") -> Low Loss
A19: C000018 | B19: V03427 | C19: L0255 | D19: S058 | E19: Theft | F19: 45674 | G19: Night | H19: Medium | I19: Knife | J19: 458767 | K19: Yes | L19: =YEAR(F19) -> 2025 | M19: =MONTH(F19) -> 1 | Q19: =IF(J19>250000,"High Loss","Low Loss") -> High Loss
A20: C000019 | B20: V03536 | C20: L0188 | D20: S066 | E20: Burglary | F20: 45660 | G20: Morning | H20: Medium | I20: None | J20: 420356 | K20: No | L20: =YEAR(F20) -> 2025 | M20: =MONTH(F20) -> 1 | Q20: =IF(J20>250000,"High Loss","Low Loss") -> High Loss
A21: C000020 | B21: V03705 | C21: L0068 | D21: S005 | E21: Fraud | F21: 45679 | G21: Evening | H21: High | I21: Gun | J21: 176791 | K21: No | L21: =YEAR(F21) -> 2025 | M21: =MONTH(F21) -> 1 | Q21: =IF(J21>250000,"High Loss","Low Loss") -> Low Loss
A22: C000021 | B22: V03276 | C22: L0260 | D22: S071 | E22: Assault | F22: 45069 | G22: Morning | H22: Medium | I22: Knife | J22: 355826 | K22: No | L22: =YEAR(F22) -> 2023 | M22: =MONTH(F22) -> 5 | Q22: =IF(J22>250000,"High Loss","Low Loss") -> High Loss
A23: C000022 | B23: V00110 | C23: L0067 | D23: S074 | E23: Theft | F23: 45131 | G23: Morning | H23: Medium | I23: Knife | J23: 349475 | K23: Yes | L23: =YEAR(F23) -> 2023 | M23: =MONTH(F23) -> 7 | Q23: =IF(J23>250000,"High Loss","Low Loss") -> High Loss
A24: C000023 | B24: V02899 | C24: L0062 | D24: S012 | E24: Theft | F24: 45083 | G24: Afternoon | H24: Medium | I24: Stick | J24: 1608 | K24: Yes | L24: =YEAR(F24) -> 2023 | M24: =MONTH(F24) -> 6 | Q24: =IF(J24>250000,"High Loss","Low Loss") -> Low Loss
A25: C000024 | B25: V03337 | C25: L0291 | D25: S064 | E25: Cyber Crime | F25: 45930 | G25: Evening | H25: Medium | I25: Knife | J25: 473670 | K25: Yes | L25: =YEAR(F25) -> 2025 | M25: =MONTH(F25) -> 9 | Q25: =IF(J25>250000,"High Loss","Low Loss") -> High Loss
A26: C000025 | B26: V00218 | C26: L0058 | D26: S025 | E26: Burglary | F26: 45741 | G26: Afternoon | H26: Low | I26: None | J26: 263957 | K26: No | L26: =YEAR(F26) -> 2025 | M26: =MONTH(F26) -> 3 | Q26: =IF(J26>250000,"High Loss","Low Loss") -> High Loss
A27: C000026 | B27: V02321 | C27: L0105 | D27: S003 | E27: Cyber Crime | F27: 45539 | G27: Morning | H27: Low | I27: None | J27: 325811 | K27: Yes | L27: =YEAR(F27) -> 2024 | M27: =MONTH(F27) -> 9 | Q27: =IF(J27>250000,"High Loss","Low Loss") -> High Loss
A28: C000027 | B28: V03946 | C28: L0096 | D28: S034 | E28: Kidnapping | F28: 44956 | G28: Morning | H28: Medium | I28: None | J28: 189435 | K28: Yes | L28: =YEAR(F28) -> 2023 | M28: =MONTH(F28) -> 1 | Q28: =IF(J28>250000,"High Loss","Low Loss") -> Low Loss
A29: C000028 | B29: V01476 | C29: L0091 | D29: S061 | E29: Fraud | F29: 45459 | G29: Evening | H29: Medium | I29: Gun | J29: 493405 | K29: No | L29: =YEAR(F29) -> 2024 | M29: =MONTH(F29) -> 6 | Q29: =IF(J29>250000,"High Loss","Low Loss") -> High Loss
... A5001: C005000 | B5001: V02227 | C5001: L0257 | D5001: S068 | E5001: Kidnapping | F5001: 45183 | G5001: Night | H5001: High | I5001: Knife | J5001: 78243 | K5001: Yes | L5001: =YEAR(F5001) -> 2023 | M5001: =MONTH(F5001) -> 9 | Q5001: =IF(J5001>250000,"High Loss","Low Loss") -> Low Loss

Sheet Victims
A1: victim_id | B1: victim_name | C1: gender | D1: age | E1: occupation | F1: marital_status | G1: income_group
A2: V00001 | B2: Person_1 | C2: Female | D2: 42 | E2: Doctor | F2: Married | G2: Middle
A3: V00002 | B3: Person_2 | C3: Male | D3: 68 | E3: Teacher | F3: Single | G3: Low
A4: V00003 | B4: Person_3 | C4: Male | D4: 70 | E4: Teacher | F4: Single | G4: High
A5: V00004 | B5: Person_4 | C5: Male | D5: 38 | E5: Engineer | F5: Single | G5: Low
A6: V00005 | B6: Person_5 | C6: Male | D6: 64 | E6: Student | F6: Married | G6: Middle
A7: V00006 | B7: Person_6 | C7: Male | D7: 62 | E7: Student | F7: Married | G7: High
A8: V00007 | B8: Person_7 | C8: Male | D8: 22 | E8: Employee | F8: Single | G8: Middle
A9: V00008 | B9: Person_8 | C9: Male | D9: 27 | E9: Business | F9: Married | G9: Middle
A10: V00009 | B10: Person_9 | C10: Female | D10: 69 | E10: Engineer | F10: Single | G10: Low
A11: V00010 | B11: Person_10 | C11: Male | D11: 36 | E11: Engineer | F11: Single | G11: Middle
A12: V00011 | B12: Person_11 | C12: Female | D12: 60 | E12: Business | F12: Single | G12: Middle
A13: V00012 | B13: Person_12 | C13: Female | D13: 70 | E13: Lawyer | F13: Married | G13: Low
... A4001: V04000 | B4001: Person_4000 | C4001: Female | D4001: 38 | E4001: Business | F4001: Single | G4001: Middle

Sheet Locations
A1: location_id | B1: city | C1: state | D1: zone | E1: risk_level | F1: population_category
A2: L0001 | B2: Pune | C2: Gujarat | D2: East | E2: Low | F2: Low
A3: L0002 | B3: Ahmedabad | C3: Gujarat | D3: Central | E3: Medium | F3: Low
A4: L0003 | B4: Ahmedabad | C4: Gujarat | D4: West | E4: Medium | F4: Medium
A5: L0004 | B5: Vadodara | C5: Gujarat | D5: North | E5: High | F5: Medium
A6: L0005 | B6: Vadodara | C6: Delhi | D6: North | E6: High | F6: Medium
A7: L0006 | B7: Jaipur | C7: Gujarat | D7: Central | E7: High | F7: Medium
A8: L0007 | B8: Mumbai | C8: Gujarat | D8: West | E8: High | F8: Low
A9: L0008 | B9: Delhi | C9: Maharashtra | D9: East | E9: Medium | F9: High
A10: L0009 | B10: Delhi | C10: Delhi | D10: North | E10: Medium | F10: Medium
A11: L0010 | B11: Ahmedabad | C11: Gujarat | D11: South | E11: Medium | F11: Medium
A12: L0011 | B12: Ahmedabad | C12: Gujarat | D12: South | E12: High | F12: Medium
... A301: L0300 | B301: Jaipur | C301: Gujarat | D301: Central | E301: Low | F301: Low

Sheet Police_Stations
A1: station_id | B1: station_name | C1: city | D1: officer_count | E1: station_rating
A2: S001 | B2: Police_Station_1 | C2: Jaipur | D2: 114 | E2: 4
A3: S002 | B3: Police_Station_2 | C3: Delhi | D3: 130 | E3: 5
A4: S003 | B4: Police_Station_3 | C4: Vadodara | D4: 183 | E4: 4
A5: S004 | B5: Police_Station_4 | C5: Pune | D5: 36 | E5: 3
A6: S005 | B6: Police_Station_5 | C6: Ahmedabad | D6: 144 | E6: 4
A7: S006 | B7: Police_Station_6 | C7: Rajkot | D7: 73 | E7: 3
A8: S007 | B8: Police_Station_7 | C8: Ahmedabad | D8: 38 | E8: 2
A9: S008 | B9: Police_Station_8 | C9: Delhi | D9: 139 | E9: 4
A10: S009 | B10: Police_Station_9 | C10: Pune | D10: 94 | E10: 3
A11: S010 | B11: Police_Station_10 | C11: Ahmedabad | D11: 171 | E11: 3
A12: S011 | B12: Police_Station_11 | C12: Pune | D12: 56 | E12: 2
A13: S012 | B13: Police_Station_12 | C13: Pune | D13: 119 | E13: 3
... A76: S075 | B76: Police_Station_75 | C76: Surat | D76: 93 | E76: 1

Sheet Cases
A1: case_id | B1: crime_id | C1: case_status | D1: investigation_days | E1: fine_amount | F1: court_status | G1: case_priority
A2: CASE000001 | B2: C000001 | C2: Solved | D2: 275 | E2: 15329 | F2: Ongoing | G2: High
A3: CASE000002 | B3: C000002 | C3: Pending | D3: 29 | E3: 74887 | F3: Ongoing | G3: High
A4: CASE000003 | B4: C000003 | C4: Solved | D4: 274 | E4: 84340 | F4: Closed | G4: Medium
A5: CASE000004 | B5: C000004 | C5: Solved | D5: 127 | E5: 85532 | F5: Hearing | G5: Medium
A6: CASE000005 | B6: C000005 | C6: Pending | D6: 239 | E6: 30043 | F6: Hearing | G6: Low
A7: CASE000006 | B7: C000006 | C7: Solved | D7: 325 | E7: 5308 | F7: Hearing | G7: Low
A8: CASE000007 | B8: C000007 | C8: Solved | D8: 247 | E8: 10216 | F8: Ongoing | G8: Low
A9: CASE000008 | B9: C000008 | C9: Solved | D9: 130 | E9: 71770 | F9: Ongoing | G9: Low
A10: CASE000009 | B10: C000009 | C10: Pending | D10: 101 | E10: 52130 | F10: Closed | G10: High
A11: CASE000010 | B11: C000010 | C11: Under Investigation | D11: 131 | E11: 46239 | F11: Ongoing | G11: Medium
A12: CASE000011 | B12: C000011 | C12: Solved | D12: 350 | E12: 12951 | F12: Hearing | G12: High
A13: CASE000012 | B13: C000012 | C13: Under Investigation | D13: 258 | E13: 52880 | F13: Hearing | G13: Low
... A5001: CASE005000 | B5001: C005000 | C5001: Pending | D5001: 217 | E5001: 44633 | F5001: Ongoing | G5001: Medium

Sheet KPI
C18: Total Crime | D18: =COUNTA(Crimes!A:A)-1 -> 5000 | F18: Total Victims | G18: =COUNTA(Victims!A:A)-1 -> 4000 | I18: Total Cases | J18: =COUNTA(Cases!A1:A5001)-1 -> 5000 | L18: Solved Cases | M18: =COUNTIFS(Cases!C:C,"Solved") -> 3240 | O18: Pending Cases | P18: =COUNTIFS(Cases!C:C,"Pending") -> 977
C19: High Severity Crimes | D19: =COUNTIFS(Crimes!H:H,"High") -> 983 | F19: High Severity Crime % | G19: =COUNTIFS(Crimes!H:H,"High")/(COUNTA(Crimes!A:A)-1) -> 0.1966 | I19: Arrest Rate % | J19: =COUNTIFS(Crimes!K:K,"Yes")/(COUNTA(Crimes!A:A)-1) -> 0.6432 | L19: Arrests Made | M19: =COUNTIFS(Crimes!K:K,"Yes") -> 3216 | O19: Under Investigation Cases | P19: =COUNTIFS(Cases!C:C,"Under Investigation") -> 783
C20: Total Financial Loss | D20: =SUM(Crimes!J:J) -> 1257973160 | F20: Average Financial Loss | G20: =AVERAGE(Crimes!J:J) -> 251594.63 | I20: Total Fine Amount | J20: =SUM(Cases!E:E) -> 254233434 | L20: Average Investigation Days | M20: =AVERAGE(Cases!D:D) -> 182.06 | O20: Solved Case Rate % | P20: =COUNTIFS(Cases!C:C,"Solved")/(COUNTA(Cases!A:A)-1) -> 0.648

Sheet Pivot_Table
A1: crime_type | B1: Count of crime_id | D1: city | E1: Count of location_id | G1: severity | H1: Count of crime_id | J1: case_status | K1: Count of case_id | M1: occupation | N1: Count of victim_id
A2: Assault | B2: 697 | D2: Ahmedabad | E2: 28 | G2: Low | H2: 2011 | J2: Pending | K2: 977 | M2: Business | N2: 603
A3: Burglary | B3: 741 | D3: Delhi | E3: 39 | G3: High | H3: 983 | J3: Solved | K3: 3240 | M3: Doctor | N3: 568
A4: Cyber Crime | B4: 750 | D4: Jaipur | E4: 45 | G4: Medium | H4: 2006 | J4: Under Investigation | K4: 783 | M4: Employee | N4: 584
A5: Fraud | B5: 650 | D5: Mumbai | E5: 37 | G5: Grand Total | H5: 5000 | J5: Grand Total | K5: 5000 | M5: Engineer | N5: 567
A6: Kidnapping | B6: 701 | D6: Pune | E6: 32 | M6: Lawyer | N6: 546
A7: Robbery | B7: 778 | D7: Rajkot | E7: 42 | G7: crime_year | H7: Count of crime_id | J7: arrest_made | K7: Count of crime_id | M7: Student | N7: 564
A8: Theft | B8: 683 | D8: Surat | E8: 41 | G8: 2023 | H8: 1655 | J8: No | K8: 1784 | M8: Teacher | N8: 568
A9: Grand Total | B9: 5000 | D9: Vadodara | E9: 36 | G9: 2024 | H9: 1668 | J9: Yes | K9: 3216 | M9: Grand Total | N9: 4000
D10: Grand Total | E10: 300 | G10: 2025 | H10: 1677 | J10: Grand Total | K10: 5000
A11: Total Crime | B11: =COUNTA(Crimes!A2:A5001) -> 5000 | G11: Grand Total | H11: 5000 | M11: Count of location_id | N11: risk_level
A12: Solved Cases | B12: =COUNTIFS(Cases!C:C,"Solved") -> 3240 | D12: Arrest Rate % | E12: =COUNTIFS(Crimes!K:K,"Yes")/(COUNTA(Crimes!A:A)-1) -> 0.6432 | J12: crime_time | K12: Count of crime_id | M12: city | N12: High | O12: Low | P12: Medium | Q12: Grand Total
A13: Arrest Made | B13: =COUNTIFS(Crimes!K:K,"Yes") -> 3216 | D13: Total Financial Loss | E13: =SUM(Crimes!J:J) -> 1257973160 | G13: crime_month | H13: Count of crime_id | J13: Evening | K13: 1247 | M13: Ahmedabad | N13: 8 | O13: 6 | P13: 14 | Q13: 28
A14: High Severity Crimes | B14: =COUNTIFS(Crimes!H:H,"High") -> 983 | D14: Average Investigation Days | E14: =AVERAGE(Cases!D:D) -> 182.06 | G14: 1 | H14: 458 | J14: Night | K14: 1260 | M14: Delhi | N14: 6 | O14: 11 | P14: 22 | Q14: 39
A15: Total locations | B15: =COUNTA(Locations!A:A)-1 -> 300 | D15: Solved Case Rate % | E15: =COUNTIFS(Cases!C:C,"Solved")/(COUNTA(Cases!A:A)-1) -> 0.648 | G15: 2 | H15: 356 | J15: Morning | K15: 1236 | M15: Jaipur | N15: 14 | O15: 8 | P15: 23 | Q15: 45
G16: 4 | H16: 395 | J16: Afternoon | K16: 1257 | M16: Mumbai | N16: 12 | O16: 10 | P16: 15 | Q16: 37
A17: Count of crime_id | B17: arrest_made | G17: 6 | H17: 382 | J17: Grand Total | K17: 5000 | M17: Pune | N17: 8 | O17: 10 | P17: 14 | Q17: 32
A18: crime_type | B18: No | C18: Yes | D18: Grand Total | G18: 12 | H18: 453 | M18: Rajkot | N18: 7 | O18: 10 | P18: 25 | Q18: 42
A19: Kidnapping | B19: 271 | C19: 430 | D19: 701 | G19: 5 | H19: 408 | J19: weapon_used | K19: Count of crime_id | M19: Surat | N19: 12 | O19: 5 | P19: 24 | Q19: 41
A20: Assault | B20: 222 | C20: 475 | D20: 697 | G20: 7 | H20: 428 | J20: Stick | K20: 506 | M20: Vadodara | N20: 7 | O20: 11 | P20: 18 | Q20: 36
A21: Fraud | B21: 241 | C21: 409 | D21: 650 | G21: 8 | H21: 431 | J21: None | K21: 2496 | M21: Grand Total | N21: 74 | O21: 71 | P21: 155 | Q21: 300
A22: Theft | B22: 249 | C22: 434 | D22: 683 | G22: 9 | H22: 437 | J22: Knife | K22: 1274
A23: Burglary | B23: 255 | C23: 486 | D23: 741 | G23: 3 | H23: 410 | J23: Gun | K23: 724
A24: Robbery | B24: 275 | C24: 503 | D24: 778 | G24: 10 | H24: 435 | J24: Grand Total | K24: 5000
A25: Cyber Crime | B25: 271 | C25: 479 | D25: 750 | G25: 11 | H25: 407
A26: Grand Total | B26: 1784 | C26: 3216 | D26: 5000 | G26: Grand Total | H26: 5000 | J26: crime_type | K26: Sum of loss_amount
J27: Kidnapping | K27: 173602187
A28: Count of crime_id | B28: severity | J28: Assault | K28: 173488211
A29: crime_type | B29: Low | C29: High | D29: Medium | E29: Grand Total | J29: Fraud | K29: 164708160
A30: Kidnapping | B30: 293 | C30: 133 | D30: 275 | E30: 701 | J30: Theft | K30: 171984039
A31: Assault | B31: 276 | C31: 149 | D31: 272 | E31: 697 | J31: Burglary | K31: 187248002
A32: Fraud | B32: 266 | C32: 147 | D32: 237 | E32: 650 | J32: Robbery | K32: 196345090
A33: Theft | B33: 282 | C33: 135 | D33: 266 | E33: 683 | J33: Cyber Crime | K33: 190597471
A34: Burglary | B34: 289 | C34: 126 | D34: 326 | E34: 741 | J34: Grand Total | K34: 1257973160
A35: Robbery | B35: 310 | C35: 137 | D35: 331 | E35: 778
A36: Cyber Crime | B36: 295 | C36: 156 | D36: 299 | E36: 750
A37: Grand Total | B37: 2011 | C37: 983 | D37: 2006 | E37: 5000

Sheet Dashboard
T3: crime_year | U3: Count of crime_id
T4: 2023 | U4: 1655
T5: 2024 | U5: 1668
T6: 2025 | U6: 1677
T7: Grand Total | U7: 5000
